BlockHash,TPS,GasUsed
70f84b50c02737c31b1dd58294154828fb7d1abc62aa3cd398377804a675e5a0,21000,0.00
cc8af7926ddb441d15856c53265df5d88f192eb0b1c3155ea642cd800a258f4d,21000,0.00
6040a856dc328126c2ead3b251f3772dd48367f55bb9d339eadd0c724ed9bc3d,21000,0.10
371e0c1f890a10b00c8fb396784d00a52885c8e5371b6c9f8157b22cf9dd8211,42000,0.20
667929935d4b306dcf0f6f4d936a44a572eb4804e702411b6ce0fc41371822b0,84000,0.30
3c1522b0a57e611565ffcdac1f4763a813e239df9d483723ac64aea4679159ca,105000,0.50
2600dab445e42421dff2bd071423cf1107c515cdae0d41448296b885dcbd9b7f,126000,0.90
4058e9687948f87a11440db6c5468bf30f57f4560f3af337d2fca294a52e7171,126000,1.30
c566daea7f4e20a20090484eb45de547eb3ecfdda93a5d42b1dddc6cb9755d1f,168000,1.80
d4a28ed6f5c2514157bf17e5f6c839c7345b02e959402e7c816b4b27fa9a2a0a,168000,2.30
707da4df7599ed16d698223712103eb67275478ca32f61c285476d4e5a514b2e,210000,2.90
864fa6b946102e48f8e758225fa0a97412e1d9a8297da9d8f9d72d92bc0ce886,231000,3.30
d1772de2aa551c02f99fdb35afb342b26cc836218f01dde8215ac1c6991cbcd1,231000,3.80
5bc1078f2f6520b3cf62e98f602b1bda357012b571389413d552e3d7a1aeb37b,273000,4.30
cfefe8376894f5f80567be976aeb8c6bcdd2140c5676bf732d14ecf3b404712b,294000,4.80
025e06ef06f31fa2f8c323bd49d0c9404758fc4d44f3828ec9d4992432f2c971,315000,5.30
5356a57ed8b8f49d56d8beb57d2d196d0e4e9abe2e88063a65e5d3bf8f5efa6a,336000,5.90
9910b3dedff2d289d28455fcaf7d91ced9f1826f8f09581b93794ccf404045d4,357000,6.40
33fda46f63b449115785bf784a67011202476060e21080abd072dd3a1c794749,378000,6.90
f74564b7a975f07e0990d2a445c89c7396a8466a3fc596a75b227151743f655e,399000,7.50
d23a40989cc893a936fd5fe8742bdcf9f857afeee9bc6f46b4c8043456be2bb9,420000,8.00
42cde94886950b61a2d58626f31286e01f429ddc6e53a64315540e029f41d4ae,441000,8.50
8532f67048540ac50a041ccffc44170a4500afb748076e15f362bea6aa65feb6,462000,9.00
431eae651e31333f78a6c7734e72b0f28cfdf63bfe092e776831bb798c788b38,483000,9.50
54484ddd08e88cb4727557713404ce53916b81f7704ad538ac575112aebc2073,504000,10.00
db10f615946bc4e92f44e4e487659646b2dba2a16ee359f431ec6847d1e7f313,525000,10.50
e494eac5e6c6052d56791df000541cf284954a1a94a262119a38a87dd40a306f,546000,11.00
780386f9d4b4c8b79e4cfa48c13db154cf1fe4a8dce201ded062c55f0011e780,567000,11.50
ed5d338c65943b34eee12ef5bc0bccae657e39ec7cedfc3b05114bdb182548df,588000,12.00
2f48a28a2b58c79dbdaa801e50a9dc075ea0005c045507d20c726ceba135135d,609000,12.50
340beb4e156c43ace9e82d8a556242c6965fcdc53b410948235a68c19afc1ce4,630000,13.00
c7402754a44b7fc01599c6ed59a927c73f02b64fa51a4a4fdcdf200acd243320,651000,13.50
0ab0cb54780517be7142bf2c6005c93a65231c90da2b85e2c481307c0b9e3e67,672000,14.00
6127f7f3830ec2bd1f79dca16d90fe095edb9daf065d5f6f61a7195e23a0e438,672000,14.50
23540846995468500383b675e5ecc8c87606c2fd9349b8c37d07e12fb93c80be,714000,15.00
a0e55cc7e8d1f07d1beea95605217a1b5fe1b3f64d96f199c75f53dc5080aea1,735000,15.40
03af29b928d636038cf32d06aced212d68ece9487b408e59f3c3b01b6d64f9e6,756000,15.90
ea92d4df2d5765239e54c60043e4c9fc96ebc4814569f9c123109cd0f5a259b7,777000,16.40
8da37ebacc61bc38c4dff95e82c8f560e646ab206dacde74643b31dbebf8c990,777000,16.90
0bcc3b4ba568306188fa848789ea947beb9739f2de55fa67b7eec6114cd3796b,798000,17.40
6a708719f9ceb2aad43049ff45953eeb1c220b12da3d1a0e94284bf460fdf192,840000,17.90
717c743141a9ae8dd6f5d77c6ecb4732144f0adfd283765276077423c3de73fd,861000,18.30
7791af3872377728768d66a2d69b9386d3d655ab34caf783237e767c84ca8e93,861000,18.80
8ddf262cb6c75dd8852662165c988982339adb8f66dc0aed23de2fd5a6e7f838,903000,19.30
4f6368d86ca13937fbf3deda1cf847e6ec8b3757c3ad25b64f75aa2f8c7fe6c5,903000,19.70
9864250dcbd239f56a47952e39df33ff3bd91b17db4769c1ca465f06f39386fc,945000,20.30
74bed8dbd320183d54ded90669623488cf96f116067077ca857b1eae47f90fb3,966000,20.80
d3bb62fada5bc8e5032740060702c29e4e3a69ec9c57679a19e750172490307f,987000,21.30
116655c844bfc05b9cdcb6f2647002b5bfe92e51062ae9bc8ad307c53301d3a7,1008000,21.80
598ce9ca4775245b453bd3887f0400991ccbd5f18859af306ec9793f3aef5fe3,1008000,22.40
35ab482ecd380c1c8fde7e457aba1e4082e008d4c778e27bf38a1551d547295d,1029000,22.90
380ce88307e3cd2b119676e723793219ca25204b9d295d8947ed948213a7e5ab,1071000,23.40
cda3e5a3f29ae89296f5c7f36d1ea2baf1be06a82cc67c91b14e643134d6aa14,1092000,23.80
d4ac4e53425587107b383a0e86ce66cba8c90841314acff863c21227b552e5d0,1113000,24.30
ccee269b6e36e01425935377efe4bef7d472f334dbb637fb07535f37eeb4c987,1134000,24.80
3b8cd305005e3ac6bfc1e9d527b1b31f9878bbf985bd687c4bb2718a33efeea0,1155000,25.30
81dfdcb8643d71574b931597a90937a0a50371d69d7b31a0fd205ab742ca3ec7,1155000,25.90
d41b72a7498b3acfc2b8f50ecb11cd49c376cca0e23017cef44b3e75cb250543,1197000,26.50
31c294ce39520f9e90a1815c1c52bc6aef9c5f16a664db881f7f1811a60f6c11,1218000,26.90
199f08fa8532ae9cc2b2d9b9e97ed2f614254d04efbf16db15318f2bdfc0e5d9,1239000,27.40
321c8c40a1806cd727e3a3248ecdfb3cd531436be18be3ceabf483a5ae4edfc3,1260000,27.90
0347c676972f901d544bde1942ff2c09ae5c5b5c131230e78aacad8405617608,1281000,28.40
bead53f49ab2963d5aa4a4268a074985205fa06b9335acd9eeb74d6c56751747,1302000,28.90
06e099f8eff7b71eefabc691892a7db17a2bcb1b0862ea57aace786ce7ac90b6,1323000,29.50
eb0a97496c306fc9ca45d180683bd70fe34c24c15b350d5d7aeae5f86d9f9acc,1344000,30.00
ea99b91579b757c1ff3d8cab7dea776652230c163c520a16fa1ad7a4d8218c32,1365000,30.50
1446386d2f369a5501498269dca0d782f5ec8678ecaf488f1e54f87c09784c9a,1386000,31.00
2de9b5a012c213538d4e08ddb0a2a362b03a10e28bed628d172fc96a6b632e4e,1386000,31.50
a8b5a6e47aedc183e5823a052c9130a1fe9fa6a470521c72b7d174e788d49812,1428000,32.00
fe3e16a8fdcea682df23c7b736395bf8fefe3b83d54429b467156c59ea90b0f1,1428000,32.40
1d1a73acee8aa99e0ad17e104bda7e15e81ad7d73dfaa41c580601d21084731a,1470000,32.90
3f59371eee4e4bf5d10b95a91418341edc89482cbd66f5dae300850b3cdb4267,1470000,33.30
b937f5575bd8c768531acbdacab824bc2474494e88a3ab6138f4baccaad6abf6,1512000,33.80
92ddb13e394638aee7bafed4d05ce201f193742f9a9cd11227bc9e6f4277928b,1533000,34.20
783aeca9fc57dbd554253e8f6a544b8ec33d360c4ab1d5fe70c03a1700b9ade7,1554000,34.80
8b7b6ce262fcbd07bcf383105706e7a44e7d571991d0bc376517a242f4a7bd5e,1575000,35.30
1b6995b9bb32a9962124f76bc256030a4744e0cea3fed683b8cd1a564b56ee76,1596000,35.90
6c016901e8e48815eba8047b4e11e132a532bf49f942ed17aae91de19bf2d2a6,1596000,36.40
db458632f50b690af4b1706ddf429a1b63850fa04180657255f8adf429032390,1638000,37.00
55638bc16c57647afab770e050ac7717f9075650b9c764bb4aa0c2efd2a03b33,1659000,37.40
8019dd36f2da375b083a7c8b0917f0bf6f51d905ae8b77fbb4847c8d90f0caa5,1680000,37.90
2e567f126119291950ea397d7b7427a8ef8a017697435be73ec360e78838134e,1680000,38.40
2fa3de83ebb3c166496e7c1737cdca41bc753a9c6875d5144eda9bb8d9f8c317,1701000,38.90
4edcc433bf1d1d32797c09f246d4f73cb70a5d1ca4ea2670466495aed5601ff4,1743000,39.30
23e459269deae58a46b383f60504a14a01c396fe35793a2d13e6b0d089e42037,1764000,39.80
4729d583595df5475c160c363a4bf624e158ce57e46d13bdcd0fa2143db26cc9,1785000,40.30
2587e85c858b3c140bff0ce96934223285f9a3513013abbf95860b96d81a1405,1806000,40.80
9722cc0f711fb02c30b5770a05056914f0cd383629ae89a4e447a8b75c90bdd8,1827000,41.30
a101dfbf584e77919b0b8e04365b1148e0a78f4ac0a60c689bea4587fd16787a,1827000,41.90
a2138abdafc1b21c7d0b413d63d5a0b7949ffcb277093200f74330ed0a7772e0,1869000,42.50
65142c4273bada24a362fe0d479abbc6b936a4a9a110b2fe8da1b2fea0658db1,1890000,42.90
734c75811065f5525bb80b9604ff8008d680ed2b81b9648ab08518ce8944a959,1911000,43.40
5886048cb6d999f0026271a609d6929aaf9dc2b4cf097559bc6d1223a5ea86d6,1932000,43.90
e7c4a587aed52448c2efb0d6cfe2961082beb1d41c50cf1f9e994dd921c9e092,1953000,44.40
eab3b74db6301873689949fa15a8e822d69d843f0362682255b949f42b5198a1,1974000,44.90
efcf985ec6cfe92d2b254fa726d0b51dacea592ecf30d2ae63b39a3d0faa81a1,1995000,45.50
41981ea1a10cb0a2a4c47b5aeded61bc3b0065ce81844f0b87e2c1390405643c,2016000,46.00
77bc00c455ed31553b2ce70a000cd1ffad637f61b9c9bd4d426ffb95fb6b7c6f,2037000,46.50
30fa53cce2e4652b2c58e634235ebafb315c0adfa346d9c299c3af880856f4ee,2037000,47.00
f9fd3aa3428620b2c1627549d309a0caddb2c90aec26600badaee7477e9441df,2079000,47.50
d55688c8c8f420ec5537ddd84ea813e212a26b3bccaf1b67c9610c8e6bddaf75,2079000,47.90
e811a36423702a89783c6cf41494387bbf1e8f900d3192dd472470df67f16210,2121000,48.40
3430bc62c88d6ba42a224bd532b47eef524ba9aec8b2c72fae1e560164840f4e,2100000,48.80
98459d483adee13ff45408ef9c67738a4f662c5f856f74497086943c72c2cdf7,2100000,49.30
984f0b46858911bd03f0796d2210308797aad2d030b83b895d291b32e41da62d,2100000,49.60
73e956b57868ec8625d96aa44d48fb3f18764d0f79cc66e77c3142da2c2adc96,2079000,49.90
00e24b498a6ec9e0907a3516dd9828488c317b8ffe5b0278f1a733b7b77aaf7c,2100000,50.00
052deaa5578aee0333ea21709f23a2cffe4bc715fcb69993d6a83f2e3bca15e4,2079000,50.00
bb1948faab635eaaa35002baadc71830ff9d782b49ee005f8649961654a4d716,2100000,49.90
c7d4e23b530001f07657dcc0154525dc233dc0ae8b883ec78871a00fb757d41a,2100000,49.80
f725619e00768ac3ad65b1412b7009bac30a5dbc2a0f5104138c83fa443cb669,2100000,49.80
3a10e873f07350951ce8825b1660540d97f655c4df96cc6556d96d71c07622bd,2121000,49.80
971138c607831337e52f217da0a57118a2857e1d159dd183c9cfa4b513224021,2100000,49.90
be4ea6c50514d2844301b349e89487e7d8c63a7acad059f558bb738e9092d700,2100000,50.00
fa1335112ad4fc546fe1a09693664ca2143a2e2f27879d6012a9c10985ace61c,2100000,50.10
b4ad8c9b510bb9636c4b7c134832540c1958470098cf1e70a3d969c62094376c,2100000,50.10
2d612b6d5a1718381ca8a16d3edd838ae1aa3116938f0424bc5e6b37831e31a9,2100000,50.10
808d5d811e170d6c9d902c09985bc88b804b69dd9e3bbc9da1c83f86da037c42,2100000,50.10
b2bb065931cd0117808383b1e4762a996d862afa427c6556455a08b64de90fb6,2100000,50.00
f150e43e939f99ad3ac3ea0b2c2f6849c3e98a13a05534002d09fe60fb1af426,2100000,50.00
79bc9273f9cf897afaddda50f21e23c3bc0ca05ec5420d90f3cab22744b8e831,2100000,50.00
d001bef2a030107175a8cda159a352d65e962082132ccd54c77968e486e9f294,2100000,50.00
55b1ac9d349e4bf3d4f1b8efb00249c2cdcd847c104faecd31f8d5b59b8c54ac,2100000,50.00
a44bc79cb0a1853142738599503b1205014094eba3ea246f49ca4790ccdd5e49,2079000,50.00
a5e198bd652282577ee2be99737b0ec826bc1ee3744fa43afc898188b9cd3244,2079000,50.00
afdf53ee1b691ee89531ef214ef221a1b2428dedfe2796e5aa3ea40b02b1d487,2100000,49.90
eb863e4f7da1dd6a08632cf097a980cd24fc8a4d127c3e605a834d4a423511d3,2100000,49.80
463ea6b63703a1f4612ccec2e24223f65ff15d23a676903765407aa160b5abd2,2100000,49.80
e9196c1dc8360d2f363391365ef75d6280bf26c9becd86b79191dfc2a8c30591,2100000,49.80
c2a3986e43c99da12279d0a5bd8e49ec920bb232a4d3a634e3ee72809db9f82e,2100000,49.80
fafaff052a9a78c3b87f8044d5dbe3df0aecde0c3313084a6aff863c8e5a143a,2100000,49.90
83289ad30cfff5c4341ae4ff46cfcb1f1e0294c1ab372ce62ad137311825d230,2100000,50.00
5003ee3ae0851eacc06ed757c7e4a95f002d6fe0e23b804748b8d1607497f0c2,2100000,50.00
84f7ab1c35568d323d91c59cf07e79e92343a01398212a746b51567c44d902a2,2079000,50.00
9303efdcaf13c7c3ee47365429abb0c802aa3c692e4e06a779a7465df46f2b5f,2079000,50.00
6b9ddcbb2791b72b5750e5001b216c31cb5569f3e2a5646237b6493920037096,2100000,49.90
8b351cec8bf85e08a46a17780537134baed93f609f2379ce77046b5e2d9b1169,2079000,49.80
eaa5ae09a6eaf9e015108a7c284c769d4922cc46fba4248b98f7a0054ffb85bc,2100000,49.80
94ad7162fdaca0030a1fc85980144c082d1227d6cffbab70c00c78f37441d373,2100000,49.70
b7258ab10e620cdea0e2bbb4fb8b1d3a79ad5fdb15d278c38376e9b01b3357a0,2079000,49.70
5ed2c8a862874908b7f49d197a723c28e7507ce625c62f6665d0aa2b04c7c42e,2100000,49.80
8d55709c9d8f659f8182b11f2fe3eb845a99d076c436ed6a0ad2e25c204374b8,2121000,49.80
98d1f33ce9d617c8f64e24051b45e5f5fd1f1c30ac3c40737d6d3e570c9322c7,2079000,49.80
9980886c52abfaea4fc528d85b3ebd77e7dd6e0aa17a3800460782ba3d787b38,2121000,50.00
3924586ed7bb956285cc6232eb7f525e45b5566226b28fd2c29889eec69dce01,2100000,49.90
8850af61410f288e18f1e5ba2a8adb8b291b398138ed935c2ddeecfacb50fd27,2100000,50.00
142e14df38b36cc3a58459d9773e7e0c076b08aa6ec7511b745fffc8801f1f39,2100000,50.10
5111d735e74e7c05075810aa32c4f2a58a5ea25af59fb87e5653268dbadd4e24,2100000,50.10
87b00f55a6fcd2ba1ea4e0ada38349914cc7b4fcfffe99918e6a9253fab652f5,2121000,50.00
2291faeb957bc27f4eb361a18aeec8650f9f6b771e6ac4f647e98c69f80750c5,2121000,50.10
dcbcef286009aed9a7cfb88656f6ca9d5e6d1ea1072dc7ae1523141f2774629f,2100000,50.10
dab0ffab94884e10c1b2fde9c48df1291ff1c3cf8f1afcb183c656beeaa78fd9,2100000,50.20
8bb756e840061dad784c52d87d9ed8b89c1ed2b6a11aaa09fe5ca70e79325ebb,2100000,50.20
5c83182849a985efbaae1f6971dfc3371f7320427f42c22735d29652313ab6cf,2100000,50.20
6dc6c428d1bc24956c5465456840124c8a00902678492bd0487542583bc30084,2100000,50.20
13c72f11167047e21cdf1619bd9dfaf08c9c567d029437ddedcca2cf41d4ec66,2100000,50.10
52a6345bff7b748a230a1976cae77d3e319e1eec6d5f6885b6d3b13fa5d9ae4e,2100000,50.00
ea3e54bee2480bd6923fec3c8bd40ea9e58eb2ca8ca5ebe2c228bc495722fb58,2079000,50.00
3f2499dc0456d2d803ff08b3d0367690da018e02b8439d33de0fc0da70596038,2079000,50.00
2e56b0c4ae2d2a19cefe8f316cf554b8834cab3d824ff04898dd42384c21c17e,2079000,49.90
9bd750c8fdbdc7ef4c59659812b31389d08ea95aa478296c2f262e7fa9d3968f,2079000,49.80
6cc6d5f8d126d0f21532cd59d61c30eb4e1786874ab524adf7db6fc192f8bbc4,2100000,49.70
8b4ca2b982042ea32d7680dba2a5444387b7611defc19bc0833caf3cadf76051,2100000,49.60
931f0617a98b07d0c70ba46579507868515cb49c125b3c088f0647444b956766,2100000,49.60
e6099e398321c2c887979bc2f3629d9103a8990ff831131c14c8fb7ad7e98471,2100000,49.70
d722f5bd42d75940da59dea1876a80547fac2d6f201a44663e7ad9696a194ead,2100000,49.80
1da623f4f089824d10ff4014ee29e826e1b4e0a20c823d245561d6b11b17a885,2121000,49.90
08e9425e8d9e34d52c34d641cd4e9c9f7a4f86719a73eb98c07e22a76aa4aaf8,2100000,50.00
93405c2552fb4165b5afa12f7de575a27040948e198e9b1c06c58ac7b63e7c55,2121000,50.10
ea640e58d2a5c638a3ef10c7b8e281b1c8b7cda150faa8d1b860f3aab573fc48,2100000,50.10
61a97b2495471daeec777be16443025477639f33e5c175ce973ffcabf5d3eb2d,2121000,50.20
acb9cd8965792657b0d1c154b6b36e30f9242b0cc351b4df91a4ba53d394e46c,2100000,50.20
52620991d27b9ad185f829acdf6bae410db281658e08a6ffcd8d22a6a503e48d,2100000,50.30
4421dedafb70dafefb423aa2e8721e1ad704c7baf969156977989c5af119d789,2100000,50.20
bcbf87573b7d39b1c4452f3c4ba602474981217cb4181212ea513aa8a093be91,2079000,50.20
2acbaeea6865abc17e21b2d5f37b8f326aed79590cff715b33ea21034dcaf3e2,2079000,50.10
0af272ed30ac60e3a8ddd6546bcbecb2e948889ff05a3a5ba3114cef1dcbe0bf,2100000,50.00
bfaa98f5107bbe9b69fc30d5cb8f7e0e3719c0e0857932a99aeeb75d2f004986,2100000,49.80
e67cb53dbb3dd6c79d99e5c49d62c06626042c4691404843a439aeeb4bb1a7ee,2100000,49.80
a6c037c414d7ef813db84c83fbb9b0d94a268caf310e50b93c33d00be6a7f0a9,2079000,49.80
626caf07a3c38d4eeb5c92069d04e6a2dc505c8b84cfa7011dd7fc08ef745820,2121000,49.80
d340446b5ecdac125c2b5f35fd86147fa7822e67738312fe9c8225881c9b6804,2100000,49.80
8078da838bb5ea577187e16bc03299a96c5a98e20dc6c26bc4cd76f86c37a870,2079000,50.00
75b1c91be828e1ef8482fb4a2245a1f0dad52865982004f3eae444603471e4d3,2100000,50.00
bf1ae4cfe6931a3d0eb45a70b8f522fe602d0e4e8eee767d784183d1ed89dcd8,2100000,49.90
432b49158661e34d100801f84c43a4e31e30e526564d28417c72ce7f3da3a09b,2100000,49.90
7edea9ddb0ba8a83745fb799fba49d282754f25a4f34f21d8f87b93f9e1d8aca,2100000,50.00
8bb2d6985c4b5deb9601ca60e2afb2c7df1a57f21f425ea2ce520312a284b00a,2121000,49.90
81315f95b74fa6e72cb3e251366ad565451dd9355ff53b02c86ed1ca414879f0,2100000,49.90
15d4a7bd7e3197d6ef16a6892f585feaa3b58ac0d9138d567296495ca630899e,2100000,50.10
8a0ba61864819630d6d310c031d38f874390774195e263e650bc871683463fb7,2100000,50.10
0dc69c38e1f8b356807f803538bc411cd57dded47ee11f7112b9d90dd4c19bfa,2079000,50.10
3bef1902b7aca379b62faee530cf16fb842c32ed943b33d644ba9d556d44fd13,2079000,50.10
4e1bc4c29858bffcb89ca9a26c42a6a41e7e5c609f006572574e7f9a6eca73d6,2100000,50.00
b8bee06f4f3d4f37c4ac5fc64c6f9ec75653a7e1a7a9fac1a513e9ed16a8239c,2079000,49.80
ae77cc00f5e87d735f427dc63c422a6bccfd526204850c179a5e47899e592620,2100000,49.80
f863c956e3cb38edb37fd1eb4aaa56d6f571bd938fa257f45cd143b2a9fc01e9,2100000,49.70
aef26c7da1cd3ae03bf5cf91a4cd953b91e604da3e1387f5e78383bbc6e9b19f,2121000,49.70
57473caa57017bf0a7f95de7bf17d2e3db7e36179aed8662ff168f7b133e6a6b,2100000,49.80
6fdaaf275f6efaaccec275f409bdf559200ad37722d2d0e92aa4818d78f69e97,2121000,50.00
65a4279a03091df4d59c4cfe1d874f2965cf9bd9ae7a87a2bca0d04d056b6215,2100000,50.00
bc27c325baf7e5c04c7c550632146601ba80ec50f51659e26072e6257e7d15a8,2121000,50.20
4fdbda5b5be4540892e15edc2ae65d07504382d7e167732218f796c2a65a886a,2100000,50.20
785b489e7688878fc9abd8ccf7560caeab0583a7aca6134705577e6a9d83d1ad,2100000,50.30
8bbda0e1f6c0855b726e581a8c51e32f23e983cb45d3ffa70e3ad55a1d1f7bdd,2121000,50.20
7393584fc7561dcab3538bbe80aee938bd95d9f24ad14934148ef28905c992c5,2121000,50.20
40a24c805e18819f121a9d3e63e37bc4d4750015cde67d50be2cbc8d78cb3690,2100000,50.20
ea98f116bf8b32f1c7437668e03cd5d015860bd314314f593ee8215e36093c18,2121000,50.30
364495bc3c847ce7b1ac4e323fd47c71915af06c958159a745d244b6e4a5c5a2,2100000,50.20
0a2e226f8c2646e092ac157d3bde29a6957cf3a47905cffc33b638397747c0e0,2100000,50.30
179793c02079c83dd1be6f8c957dc494fd41e0bcf657042b9dfca0cc33a424d3,2100000,50.30
ea2ce665220aac9a178188d6842a8e451e913b815b6c1af54f4498a1f5677422,2100000,50.20
4db915be8d01b19d8c08036f2fb29b292b09fe1d43f140cf3c55e9600d04a9e4,2079000,50.10
a7a69220c227b0f34499540e2fd5c28d875ff9d4312caa0ab0b5bab53bf36856,2100000,50.10
e45c8cfe4e8997bad33cebfc0ac8de4ac4c03d8ea2b1093d0863b7439f629de9,2079000,49.90
5e0f6dd1bd8af323c401e63c07101d68d8808c958d269f965ba3f849eca6bb7c,2100000,49.90
8c024b4499bbb29da01efacbcc8b614deb04ce7843f295e4d69ddf406819b78f,2100000,49.80
2c049b305d32ef0a4e453afa2758203c15b4c4c3aa8ce75071bd14be91d32e1b,2100000,49.80
ca240ff8392d4bcf7bc75cdcde6d736052a7c46157367afb00ef3dec9c63a54b,2100000,49.80
ff6ff8b6f9581cb3efc510c64788dbedaac1e7d2913038752c1b54d42e8beaba,2100000,49.90
7e0f649da67133abc100f77bbdddbd3b215d91aa2d294c322cb0e865a1bf7843,2079000,49.90
67f2f7ce9819fd57f4b722836924d784117ae665c031f4c5ed2b706193add509,2100000,50.00
744e9b88d44cd38f4e2b0de349f97ae69165cfb75b6a6b29fb7b31c7c7603ef3,2100000,49.90
361c9fe9b2c5c0968684d3f9ad98c9eacf6a098453e70e36eb08ef39645391a8,2121000,49.90
19fe330fbf8ef9ae8585dee030218450e6c483edd5c3cffd4b1117abf56d8f1c,2079000,49.90
9b21618b1f04d38187a00bc4c6247a4cfe4d7d1d17d221c8d48a3d4c8658dc1d,2100000,50.00
495c2f615a3a97fff5bf99dfc0602089fd8f16ecacd577a770ffab3fbfd38b7a,2079000,49.90
caf60701638bf3fe0870d0e12aa483bb2f30a6716a0e8eb8695075819f144662,2079000,50.00
755bfd08678133b80cdaf9f99c9150870123a6b384c79a63d9411c83fdbc339e,2079000,49.90
a0d04ba34de57ab479e869193b2a8b2e62cf85fcb816d5f4f9bbcf3c178c8aad,2100000,49.80
8b1de9d17abdd34313362b3107ce689163cce71a0a86c10642d80e0ebfb9415c,2079000,49.60
26a496350df9a899e133b9a60f35f1a599aaf315117456ac4c2048872e67980d,2121000,49.70
8eb36dae6dfac41061cfa33b8310d3a1a5b7ff63f813cec0c0fa526ecc7377ad,2121000,49.60
abddba6d98b67c96592c232b11c43a0122e2d2f09210b383bc0eda24d3b087bc,2121000,49.80
8a2fb4707e29bc353d99ad199bff3243f289ccdc7c1143b8015d1e9127e6afbd,2100000,50.00
289fcc48b8048f2efd7d5f788129b7118ce321e3ca31119a66adfbc9dd483034,2121000,50.20
baa404abf62c2feeb7b38e4faadde31400d564a331ba9bf76e282be33973f7df,2121000,50.20
2ac475a61d1588d0378598a37352d350dfc218e11870f6cb93efd8bb2f6f34b0,2121000,50.40
f81ae190d8ef6239637abeebfc4e9f632c5a72eb3490d1007a81bd882b80921e,2121000,50.40
01451c47bc180e399ad84b84b6dd15e11af8d3c6e6a6c3c37638f7986161bb19,2100000,50.40
7a1e8ce7e23384147406a90290455d1186fd3d212e4eb9df09d0d666745c1902,2100000,50.40
07b6ba798f29f16eaaf82737626da736572e4c2ea1803e01a30fbf1a6bfa8317,2121000,50.40
112061e79d15af85ef7d954b856ca281122d3831e3253ca80a2ad41cda1e6268,2100000,50.30
2c71b427d9da39873c115ef77fdbec010a5c88093081572aab358292c6e8a3b9,2100000,50.30
6d6a745a1550206b6e86dbad008659ab0c9a6c2abce327a2b225fb94cf688b5b,2079000,50.20
1cfb5ab193f4bd12ec9a7122ae15117cd6b53e87fde2195338607d45add08f2b,2079000,50.10
24212866330628ae0c1f8d53826a82e08ba4bc12519a2c8ba7da290d2a9462da,2079000,50.00
72391ef44372fa2cc6b628e125e934f2844146f9e388f9b7643928f278aa5af6,2100000,49.90
382315adc697bc0d931daf2501c303476a046f4afd232601ac4b5fced9b3ed0e,2100000,49.70
b518bd1fb63586adb26764ce670c1eea2c033f42965c5f4f95f97bc7a024737f,2100000,49.70
0af8f4610922b6fc4220a90675e5533130bd062e96a30df886e80099c9dc5696,2100000,49.70
4210da46f635919f3d8022e54837fd1a311ce23c67a30b678e6e5e58ff1aeac2,2100000,49.80
1cdef38f0701fa78bffe68b666d9204ba6416a42e7736aefdbe17aaea901b9ad,2079000,49.90
bbec041dfbaee48c53b6c2c94d01c706a9257e251ba4c1f08ff88cf1b73a445b,2100000,50.00
0fbb4b9e2f6700d943c06bf964265ba8351e99c372321dcf84363999b2ea6610,2121000,49.90
216cdb35d1c3a5ef2bca017cdc6ce864d322dead035592785c2ae4eef4a77fee,2100000,49.90
52ea711777d29238ffa161d875aac51458d069aa2c29bb8eede76d02c9341eb6,2121000,50.00
4585a7c54386dd811f1cce0f22117a03fa6b0eadcb37a762a42c9b1e77390b74,2121000,50.00
67051030e0766d3b83eb9ddec676039d80386c365feec3d0f2b56135e7a1d2c6,2121000,50.10
dcdc68d0083f6b8ce93fdf7750790a15a841c15e33282a59ce868def08cabc33,2100000,50.30
26bfe30c7d2e32149b9a4777b6647f882bf067f8960bbd89ddf13f61076d40a3,2100000,50.40
5496f7cb44121c792c54121b6cc124f3ba0cedbca311c09c6b56fb09132391fe,2079000,50.30
25f7f8b2a88f2e4e669a258455e5ae8dd7fdcb64de8d7d47649749c3cbbde29d,2079000,50.30
9d9d158156a3a80620259dd848eb555fa241f694e32b7fe7c0aed0818dc6fbbc,2100000,50.10
72bd30fb3abc3be87d569b20d73ccbe9b74a1d074337357017f76e34c0d4460f,2100000,49.90
c7f2d4eedcdceff169b2f3d7160e7d1da747bab72bd145475ad16d1f116e0fe7,2100000,49.80
2c49f7c8454440e3111ae34a99419b4e388274edfebc097923b5332f7d62abbf,2100000,49.80
8961f61480c032d6af3055c77ab334894d2d931d07736881da3bbde1ddfc7afe,2079000,49.80
51bd35756829277399b010188c819927d2534099e2ee3c1f56221c8668847e79,2100000,49.90
145d75e348e8ec254d5a17d509877af709ad8abc2736201690a2f87f4f5263f8,2100000,49.90
4422215bd27427fe855cf55e10f8e36323cead7b0e2b37dfa9c8600cbe768a0f,2100000,49.90
a9c145d2838d1a00286b03c500100697046f5f753f7e3f77b9ca87599bc4cda1,2079000,49.90
e5a2dd00cd1d9a81d430106346a631c855fc8c0ea4def587f411f21a9079e8e3,2100000,49.90
a22c58c34ff9c4487eff38edde42d42685a11120a37b4990b4a9765b9236b5f2,2121000,49.80
e62fd99a5339beee2a2def219dafbc0d55f37a66d7562dd90a020754b6cb0305,2121000,49.90
8336d9737568f73d3c89d1963cf8663a2c06ec5affb15b2e0a51349df5cf2417,2121000,50.00
dfe2c866c04ac63364453d9065651a3e27d6b580a33bfadc70b20f6f2817f3a3,2079000,50.10
612e9d5ab6cc3fb8258167e7a9042121cc95be67381e50e8693cee18c8bc5eca,2100000,50.20
c65ec0bd441bcac82f79473c206e8ee2438ef6f6531ef50bed25396505e6a164,2121000,50.20
6b5ada4951be434f4167716bbf41f8f772c6976ed28e885cf690b55b46474aaa,2079000,50.20
c82fc608165d1bce8b163d8ed0c4f413580e4eeaac0c7408fcac6bc4c33d3e30,2121000,50.20
dcc90fb7acf66c328e8188e2f4282f17e35177a45641a8c582984ed2c4e1380d,2100000,50.00
b02b6c40dac75202e4f88f4f756deaaa3f74e23ddfa8519f97517b67d84fb680,2100000,50.00
862a77849b15866a01e23bc878bf42b93f15dffa8e9c1964962ed43fe43e522f,2100000,50.10
c298132f148e964235af736259f3e6608431343efb41ceec59000173a07bd148,2079000,50.10
11eaad2f15afffdd7cf0c851a5921f8d69326089fcaf5aaffcd9329ea1ea2fa2,2100000,50.00
744e7ba7724f3efa1c3c7ae5bffe1db2db7bdd073f6458bf2f5ce5e6f1301c99,2100000,50.00
e758e8f698b921a6a66b9a9ea092be6b5e09332cd71833eb6a0adbeaeffaacc9,2100000,49.90
f48ff9350803117a43cb6dd00257699c733aa7d68067919f2a450d5eeb100306,2079000,49.90
896062741477923d70e132afbef90d454ffef7ce9f062a91cf3643c19c26f45c,2100000,49.90
78ded29088a49c622e6f0cef45a6b3ed29e2d664740be80754b996ff5a835bfc,2121000,49.80
7f704e51a3a2db611c915825361446b6b0ff35cfbd8456e9d08fdb5379df12d7,2121000,49.90
ebcc514d0cae1a4ce6d49d9c9625b48f5d22af36b93ca9e4d4c27404d99ee2c1,2100000,50.00
8736f11b04cf1e63a4d2c586a027694adf32c0785dfe3796444a72a5886c6f64,2121000,50.10
00f9efb4f09ec69febbf9ecf7a40cc38d739b2a61b632ee2a5f03b882b79d6a7,2100000,50.10
575cd17c520cf2afd80399e37690b3abb23de7aeb9e23496043bf8bceb53f5f9,2100000,50.30
bc9ba519a30730bb0c6374efcc385f3a28f6e203d729e7284ac79f7ac2c8d350,2100000,50.30
2e6f1dc9b25f761b3a5e0cc8787915399d5265de2d5c3b63fe4c558411f96d26,2100000,50.20
e574f1b74f0d3bcdc94b1e27d9c75759af4608b19e1c843240425ee67f930393,2100000,50.10
0137e2970a425343e1300d8fab8c44aae54f29270cea15d45ec86a8bf0829bb0,2100000,50.10
fdc6326d977316ef4d88cf562a946294a38d870efc49799fa9088c4365f4dbd4,2079000,50.00
139e9ba60ecd50e2f6ea6c229f9536508cfe5e39fb1ea637a86ed8c621096544,2079000,50.00
f1f4ec44e28d6fcdce208ed5a1815f9e98a7b2c689a340d3f042a86adc4a1fd2,2100000,49.90
6c836abbced5a2d29c5943e7a7a8b3623351721ae76093ccea0575234e0639b4,2100000,49.80
79d9e59cd68db135606e5324c3b39361bd5ed9249c7b1e277ac8e38e82f1a809,2079000,49.80
a103419acb33f5f71593f9cc3b9b03f97379958abaf6d89f4e6861bc103aab68,2121000,49.80
677733ab69cce5c5fc8546a447136c1eb5e5f597d84637d434e7ba1e9358c194,2100000,49.70
5b2c8048d3481f06795ef4c205fd0753caa25618abdaffadb0cbf6ae8707e185,2100000,49.90
a7cce2b7c949da7d3ef8f1ede07fa8f7983508d1bada5843aabbc3432ebe4297,2079000,50.00
aabc14d8e8cb1a1d4b9af0de32320ed5de8b0d454c172cfd1c40d376dd7440fa,2079000,50.00
4214e3165c0678cdb5997f5e5d7ad69f448c4681b87d8568d948f8f13b1804bd,2100000,49.90
400774cfb7a8b7ebea5dc390790e51cb1bb637f6ef3f67ef57a057916e279c0b,2121000,49.90
ab1f6825f69f8fe8d554e57a468d38e8edc2c28320982b6c26f5b5a3c4672b18,2079000,49.80
8ef980a408a4ebf0c1602e175ef0aebf6faa6b80faab73761c70b37369178810,2100000,49.90
3342e8547bebb80569d6ffb07c01762407ffe1adfe9f9a7b6e58d12462f1356d,2100000,49.80
251ec1b008d20e59d8aab669b23caa658e36fa73b93dd17fc4ff38e630fc492f,2100000,49.90
49eace35f130e2d0cc532a1eb87540042771071260a40a758d268879b042aad3,2079000,50.00
74c64a93e2c1472b5af3037fd4dceea8760dc9102f69cec036de68e447c8ba50,2100000,50.00
6ef0187268a0d62be0ce437f16f576730773642c3f3adc88d780dae9f7c85a53,2100000,49.80
2a556d018a3532972c917a8ef17329c1cb3fdd7bc3e3469400438b815c26461d,2100000,49.90
4a02f2ad8723725ac318c8973f50ff9151faefdf6c952d08770d9d43465cc1f6,2100000,49.90
570fbb1f29b885a74dbc37f2393985e4127d1c1540804f6c9933a5935f36f7f6,2121000,49.90
dad49d9f9e2c70bed9fbd078d73c2cf62eacf84bbc4a1580d82ee664cecc9839,2100000,49.90
336075023aeea6e628aac93333a4795cca2e116022dc1c3f1d29b766c38f5be8,2121000,50.10
3d184b32c7a5335d86a073cd719f815d41557dbf59a6475452bf3d69793599d4,2079000,50.10
be9ebd3f70438f6860d794182c3f2ac1a4796a3fd866048bb2172997dd4a5ec8,2121000,50.20
da10e42a8f98c7bc5075e8089d6d95fc3a77282d8513c94099f8decc39231060,2121000,50.10
1eccb117bd7612449d82ff12b9b2de4a4ba624b4edfdfc138d6824a2ea14dfd5,2121000,50.20
7128207d465b929fa5e3c660625728fb53b48219c82a3dfea528fe2c766e3967,2100000,50.20
ead8b4ae3679f4e14a2e991ac3868e851ab00733cb6848e8447a2cb497f358bd,2121000,50.30
bf2cd50c76c162c00464bc78c8c074d5425179db3c6641cd2a93776a96244a29,2100000,50.20
5e3275bc89c3394c06f0dc4dfb8bbf5f18b346e032b4be17c204cb959471d72b,2100000,50.40
da41d08c2ada391adc4f92f2d22e676609b73cfc918e9765cde7180d886f3d3b,2100000,50.30
122d04e84bf0846f278be00eb95102d720cc70deba45fefa73d603cf9bde743f,2079000,50.20
5af5a26f029f3ad664a9d81a4984172bebe7bc70916687b4d4b6242075244d35,2100000,50.10
842c49e79ddcd0392871d26dcb88be4b3bfda554454cffd6765ce744a7a6a1c1,2100000,50.00
f491909a44ff7563d71e22664b66c2853e3dc2fcb2dd2cd75bcc346a66ae6210,2100000,49.90
3c1d5b625caabee3728faa16f4e86677341e0599a79a6f88bf76c6c329a1e136,2079000,49.90
89d9c9976670048ecd6c65d3119b048ed02ffe3fe7ce90610e78be53543bb64d,2100000,49.90
08a315009fa78ce7bb2f0d2baad9c4a0ad5af39ef5053debb51a29bc74c1a293,2079000,49.80
56016c6804c76691c543efbeb6191eb59df6965b6f54572f19d57c3e59649170,2100000,49.90
b68de0a51abb2960152638ba7bdc56bc721d48ce8ebb89277c5b806c44384db7,2079000,49.80
9b267eea5a6eda8467fd5c2b213b34125df78e0e970c7e6db064c9eb18b24a12,2079000,49.80
9f107b4145f55e656b7a3f5ad03b9b03a1eb0addf4aa6c17dc8633f13d3b28e3,2121000,49.70
f7e630a8d7aa9fc1989f98186886c3726b7b86f904eb980e9a5a5f8a4ea10714,2121000,49.70
f0df2b6f5126d67d669b56d69d4a8bd03cebd8f4e2b64f24f5bc3d6792ffd712,2100000,49.80
22173e371581e1c1500d987b4d65a87de32f579ecf93d71a55e22e62c8ab311a,2100000,50.00
33619f4c75ac8033e391b803ff8a0cc54a16e65e38801055bd1b820f07cb17bb,2100000,50.00
4d88208f376f6a6b00e405e1efa6b9e3427a8a7c71e453cef6a781e8bef7af08,2100000,50.10
1d608f2c4f64371129c9d5992344d29b01ebe5f4b52cb6bb7c0a4af68bc2c46c,2079000,50.20
f5fec700298f3911415f3ad1e81409b06c0ee4fe0472e4b2bbc8233b5105a18a,2100000,50.10
d70800def23d7ffbee14f80c80aef9119e64cf4eff69aa3d8dd1c5a11df19fda,2121000,49.90
3650487088049a0cb007edca2fb1c13786d5746093db4a74db742270eb0219da,2100000,49.90
b5fba4d42c745fc10c4704fbf4b2f96c4b9d2f78b27dbdde6621743daa873ea5,2100000,50.00
95cb2cd8e234c13018089b72f8efd316da9a8f10778a02a327419d33e860d2f2,2100000,50.00
3f538bffa2815bc090c485c355fd25496291cb2766585ccbf6516f1ccc2dab78,2100000,50.00
2316402208bcb53259108159bf887d4fb513f22ec4eaadd3bd7b0bb9ec4e97ed,2100000,50.10
5b49790ff9b5044bf640ce189f13b63759433eddf97cbfa93f5c3043d8478c94,2079000,50.10
b30d0b0ec43be115a14107a476d1abe7ded64268291a57cedb9e1389603f01a7,2121000,50.00
6eba47bb738387363e3e060f671aac4aded4f7592fa7b00ae3e2585b4e66f0d7,2100000,49.90
fccb24b790abefa1234086882f87af36906790dff0e6ba02380871dbe43a444f,2100000,50.00
ff1b5ff226cf169317dbe1020f835d2513fb7ee8bdd4e19441c1a1d6c3cf7c8e,2121000,50.00
a4a0cb1d7dfdfe4ca432e02f0bf52499b0ef236b7f77cf17953c701f13df4f32,2079000,50.00
2f4251938743762614cc8c249e2e0bd6487f79945b42bc8f6e4d9b80d06536e5,2100000,50.10
0623fb8758a015faee16df1a23eec5c31074c000b351e8dc73315cda22371885,2079000,50.10
b382e000f85c9e6eeea744fb4042152ce4ea8bebda06b9664d6904ac880ac6a1,2100000,50.00
ce02e46450ac04a7beaad7d76d8edb6e881304c6891affd0c859d5dde49d25f5,2121000,49.90
8b4e139c95c99758071379c9d569e9fa8cbe41bdac7010d5dcb7566a6de3a07c,2079000,49.90
85111ed652bb1b4f879165b9139e589bb4745ba082abfb613807025382594e76,2100000,49.90
e3a56181aeb9903780435ff25b295c43a8f5367bdf067680793fd21a568aa917,2100000,49.90
44cbe71f1601bc2c76515d540d25f8768cc5cc3dd3f6a707fe244b2c6ffacc00,2121000,49.90
bfc6bc254e866b10e4926011bc1921efd8f23ebd6835b47860ef48a41f5bece1,2100000,50.00
2f06b4af56a5ec317a6584885b7e1f7eff2d22fa8418e7649a5b20e022600b02,2079000,50.10
d0b3f0be30eb198f965dff310be5c51d76a62216f22daa7ccbcdd906d51fc0bc,2100000,50.00
aa852e52766b5a6936778c48a7cb008c34f1a391fdd9ade3d7f81809e5e2bd8c,2079000,50.00
b888a43b8c6c4b1472f7e36f8ddb7c48baabe518c8d48bcedf6380dfc8ef4946,2121000,50.00
94c7ab2ff6d1f562b2764d1608682ec257b4591b4a79486030d8daefa39723ad,2079000,49.90
df4780881615fbf7ec0ecc89800156b9b8ca224043ce46fa3d2a60562a53736e,2100000,49.90
8c571ad5209f9740aca1c32d1478e4077a92ae0f5ee8edb0387a5489864e6e76,2100000,49.80
8be388d5aab0cfe689dc99127d7eaa1ce00e2b74b3614e95d99cf1b3bd9e1662,2079000,49.90
ceabeaeec3b1096dc0241e6b517402e73c03df616a213fd811dfa076be817f71,2121000,49.90
ef4454d7798df02ca766567fe5f5c2dcf04007cc70da117ac1a62b5e87d39b3b,2079000,49.90
32061f45fe753573d7fe946407e73bffcecf0df3a469ffb3870b79fe220064c5,2100000,49.90
83ad7bdb02bc194cc585278f99b507eb3c6a0665dca55e640851b08b6f2a3dcf,2121000,49.90
a590ed1338b085ffbaa03fbceb20389cfb2cfbd02715e2b6926cb332f651f3aa,2100000,49.90
44e5853e66978182acc837adbd837d705e218909e4089b00901faeae3ac9bdf0,2100000,50.00
b34d7cc3df53fadc4d484a21b4d5f110fe771b7f4e93e289e91573c1120ef8fb,2100000,50.10
c77b92228694ed41f887f630abd54f2318ec4f7ecaac5e69667ea0dde42f4c93,2100000,50.00
795faa7477bc1da83d32062478e994fc2ff93e32c071cf13b07dc22cc428fc40,2100000,50.10
b2b6a7afa65c997ed35f70aa2c9cbd2c51e4182962b6e3ffa6e293c1da8a1312,2100000,50.10
62f1ca6790014354bf0076d1b3d398fbb80ab1955ba6a223f80786149306dc6d,2100000,50.00
263133f5bc680e28f2ed73648a3eea38d87e6cd0d331a1a15e6c5c4be78cc53b,2100000,50.00
9f128c9e4d3c026cd7aa58576a62eb0c9f8b3ba5f3697a8ab8e5cce5ddd9db37,2100000,50.00
a7a64e4bee530bb0103aa1d150e6b19b3b7a8f403bd95d794ade1e0ce7509abb,2100000,50.00
02c884d5032f42031777816676488b5ccdfa452cc2f65b0544903d12b2ea7d35,2100000,50.00
0b452f731e19d3f669dde5d9cf5461eebb59e8b03cc315c7fdb8d81504fd1a18,2100000,50.00
1cdb06faac176c3ec9951b379eeae60a025c45c8f007e52f4b3800e297f3ac5e,2100000,50.00
9fcf32d2ec67f9ea2a70f56d2b562eb6fac986f66765c0900be39eb8f223ff6d,2100000,50.00
d9ce2de013047c0d60c59a5d35e3e638b4c4550a0476116055b609a4f1d2274f,2079000,50.00
12d3eaedc9232d3dc555d2799d9289d82fdafb8b00cf6c78cf2e59b8aac3b7f3,2121000,50.00
359c4f0a43f81dab3668d4840f3657ac0e6dd4fe5cd7ebc79e3fe5aad22e3e67,2121000,49.90
a4522c66e3c3ae3b3f86ded175aebb98c2a39e9dd30e7834c36fe9dd3f5aa4ce,2100000,50.00
a6eb5d8c907bcc465646d198a617b4db210c1f36df40a792aa5314735e5d28be,2100000,50.10
db380f94351fd9602079ca583bbec3daa031414f3284698f5d7df097b97fef58,2121000,50.10
20eda1490dcec962e916c7d29dcf251888ebc8af8e60da69725f01855d01af50,2100000,50.10
be73b25efe67749829801e0e55e7734112003c379a2e8fa8de8e63346d60113c,2100000,50.30
857846bede5af716ce2d0fbb9b421789638c502da69e84924cab97667449c86b,2100000,50.20
2248802403908815f0d2b8a0bd41b5db314bbab82d8174174b09d84f4bec2356,2100000,50.10
5bc992517bfa2c7a419bc79d3230035b6514ebdfd5f5c49d1b1f0df94d835466,2121000,50.10
eae051d93db1aa5d05b263e656139b817fda56281a45fed1e7661544a7c0faca,2100000,50.10
fad353cd8e45f1fe71ddb8838c83349c92064240db078f5648d91e92da5c5dc1,2079000,50.10
aaf77dddbff3274c2464efff8a8df6d436c80a28b7e8edbbb1fb6a6b0b04a774,2100000,50.10
d0282e6bcc5c2a02e9b319f8a57d71e8dc592fbed31bf4ff6446e259ba45e7d9,2121000,50.00
4a3ca0d34e8efcc08b5dc6a809d9b21bb02ef7eb23c3255c23c27e2e78a24233,2100000,50.00
3494af653c4f488631767b7a64fb7dfc1bafa4791d9c58a9a405715ac7f7f7d4,2100000,50.10
10763840e5d47b72877754a1694b67a3a9823051a9eb90b184ea10f7e9c12ee5,2121000,50.00
d31506def44538958ecb7da2038583dfd375c734a8f3e5a83a4211ad2521e01f,2100000,50.00
fd8e0699a50e138016be1e1c67eba9124c6cc81e4698d166f442a72a16652857,2100000,50.20
5e83461fcb4e63507a8a4dbd57bcf48af51ef7af42fd66f3f2bce1d80d35d678,2121000,50.20
3e754558e7d531d9860c61c8d1de63e9025947bbe40db92f1c12534113eea25c,2100000,50.10
8606ca29e96e407c52e6d8230ede72b6a558db8afabb1ce37a917adb72817543,2100000,50.20
5a1d7e50605506b37d747873ec0f36f86f42f2979f7f795200b6ec2c712b23b6,2079000,50.20
78efb622efce13313ea190c74841ec355a84e1cd654810f708334cd910d8e453,2100000,50.10
16ba43c96df414b65de66b5496c781c3b2710609cb7d4c118414765fe8b416b1,2121000,50.00
40ffb1575621954186a72dcdb1d25c65c1d509cb3871b74328a0c536818f884d,2100000,50.00
9489d0166395ab9d04913291bab2de8c7f82d55719b4946409c461eb6d1e547d,2079000,50.00
cfe3618dffbb5ba4fa77adb7e5036cb1e84343f5c115cd4a3771274d80eff009,2100000,50.00
b9a345532c5d1047fba7a9561b3b0fddc44d310b9a8ca8380249b89cc1e62d18,2100000,49.90
1be6813096b5b59a17a63db1dbddbcf950f0c95deb1136d2f456f5ed32207379,2100000,50.00
28e2a750a8e4fe1e37cd0617541766b2001c313b3627597b203a9ac81ef64c5a,2079000,50.00
3bfd84587a863ee93aa402e26fe4c7f9f187ba04e3b0f02244e53043884b0f7f,2079000,49.90
1b1b253fc57c2e8c6f598d2b6845b2da779591fc1b2dda9c9e165e0473efca7c,2100000,49.80
fe193ef8794d68ac06ba0ec1f2fa2495807ff35a4cb9e64228804f5785e00942,2121000,49.80
04a5e6a2e71de5218c549c7bb5891413128d20cb846255f29888b1c47eb0f01e,2100000,49.80
e08abe5ea31f9c47c47e3137316eb8d09532d168b3c65bb49ce68050f059da14,2100000,49.90
6e17007d12b09a26bed73f57abc33c758cc68e485b83eb35ddd6533bfde84c4d,2100000,49.90
189f723ece7ae06b697b86eec61d81a469013284394eafa0c02afc49d6f799c0,2121000,50.00
d27b1fdf1de841ed8ba3ff2c57aadf04295529b1e44781ab69d0fac1fca61a6b,2079000,50.10
2bcee23b4e56ceffec8b745cd215ddfff62ebddc97ce6049912132a0c87fac12,2121000,50.20
a93a37b947c9b80df1d52d23e64c9867a1e833fd225bc4849f242b6f61d69491,2100000,50.00
63117f822253af98c71e79a25d521f9a8c0da02ca5b01c96a1bc3a4e17b761bd,2100000,50.10
8f87b0c24903188532d84b620772dfa48a65eaba140355c2cf06b3e657ad51e3,2121000,50.10
94b6f3c4333cfaa02ecd835d5f5c6e9d681438e34fce28b59f6a2fd92da63215,2100000,50.10
354c6b841b92d41c12ac7ce6a88fa48f13ada7a002dd95949f2146ed33becc54,2100000,50.10
49badbbd640c3d91d1c195eefa1faed317eb0f87bd936ba3d1f5b5295c3ba53d,2121000,50.20
3798ede3434684c43707c95cc052bab4c6cd8169ae4e81189a95089508bb1a04,2079000,50.10
b5b6dd98054301235acc4d7f7830999107c513e26e03060b4f3b48df6340b7a8,2079000,50.20
9d0f69bf2d60d00b50138a6eafe335a36866e67c234e66c54dd791e26c814b01,2079000,50.10
63585e0ec87d1c6b0a512d6d23c1c51040ff50f3ed2d256df52defdd551a820b,2100000,49.90
f8d6041ca4942f6a5e094373869608c21d0bb6ed3eb2e6bcb37e1c8984760156,2100000,49.80
1ec5bf832bec6cb023d7be29e4b30c0c69302ec2ffef27dd095799f5a97fad41,2079000,49.80
9d4cb911ffc0e719dd0c63b600461018ea874c9c1d303e5fd31d01910d939fa7,2079000,49.70
dfc1077276c2a0394cb8d9ed821d2941ec23914386bd96726ea4134aaa98a7f2,2100000,49.70
48e2a213a90bf56ecf077771e072a8c793a847d9c7f2e5f4105ba2efb6d6b180,2100000,49.70
f254c791123f79c060cc681d1ddf78b33b53e58d00a761e54082b4e4c5416a11,2100000,49.80
c64dcff529f76b0b48129861f8048b4c71c6c94158cc4168c1e3023c84dae6aa,2100000,49.80
cd01cfdc30930915ea04aa32a218bd4599abbdb7477e6a5bae46d22b2292b30d,2100000,49.80
f595d2f5369f8c3848f07a95839f32a8e3f24f8054d954fef84511c3b92a70ac,2100000,49.90
0c258e09dc164d289816b602453b7ed5b20f553154b75fa96e0e0e69073f4a91,2100000,50.00
f18bb91b2c7d3e720101ba9bb9f51f842536d51432dbb86fe820d1cf107e9fd5,2100000,50.00
1e0578b55952c95db424ea3aef56ca1918bb8063de7957bb85079a65d18704a0,2100000,50.00
9c579408959389e9c2baa5da83ea3add604a5c1ce9d6489a19a8af0b9052151a,2100000,50.00
94af0a6e9b8e2502326865d15a57fc9fd56a2658d69bcce05cbaa61b99cc23fe,2100000,50.00
913b4e2412079483a9995ae44dd6196fdc1808976c554bba4283a7d8d0718563,2121000,50.00
5197f35b6e8758a709c4b3ec74377788f49e1935e611841591d25dcbc5c4a275,2100000,50.00
c9535589e7c44789eac0a47d5e36b41925d1c22e14e570c551d62f475291dcbb,2079000,50.10
429a57311693185357a319da39296ceb1fc06318b7e92813d7204a3bb3a1a86e,2121000,50.10
a2f0f8c298a95eeecf7e728765b3a398d0a25bfda5862699b387941be441df12,2100000,50.00
0d3f64921dd01d8e0a054cd520d7c40362da528a1450ee6ac85e9b52b9b9ac1c,2100000,50.10
d2c388b8336bb726f6996275495379c2f44531c328e5d700912c95fda814ca60,2079000,50.10
71c9c5252b3083d91b22c76294125a7039d86e7fa22c9f4ef1bef335ea92b05a,2100000,50.00
dc3dcb36f6a2e561f649cc8cab04b59d7f209b6107faafd08c5d8c41c218ce38,2100000,49.90
587b408829e6ad95ff32a542606df6c029b78fb772cf6d8c35329c6dcf0717ed,2079000,50.00
e59e7d712f38c7a639255b2e37f4322b1331860b9d0b095f7908138914c5a772,2121000,49.90
faaca5338356e74ebf2415c7aeac3e8dc76fa69fd471ada457de4e14d085c3ce,2079000,49.80
30e0c36776e72d4ef9fd813ca68661bf70d6b023b601e88b95ba8bc595cd092e,2100000,49.90
d375fc83ab31b470abeb5a400015a41ad7c2ace3ccb76b332ef656e25a2d14ea,2100000,49.90
7559bcdf2951d2931ea9bf07465e05bd0224aae6400851c6b3ea5d2f57cea8fb,2121000,49.90
d7be38b3b3ca8d5c6752f5479478ed82a2a219a7d7e3caf486ed825ec39632af,2121000,49.90
500d80a992975abc03fbe5e45b2226ac1abab051be88ab1143e4502725c2ec39,2100000,50.10
80a6481db17ef856d95c29e1b6b1c69685673c9aa48923366caab9a3381d0cf0,2121000,50.10
3beeaba493de926c43aceeb4c8002525c8bfb832b07ecdb5b435189908aa4914,2100000,50.20
4700d569a0764281735d0fa24ee3498168f5ee63a55106d4e24362bc806b4cf8,2079000,50.30
857a46bb9ec4c8edefacb43586a8e7406f911d6adb884de3539fd9a6a66a959a,2100000,50.30
d85497bf276cc2ece25d2473fbe9670c00602b9f6aed51ba3f53e449d726a5ec,2079000,50.10
343521edb29722581a4b402314db745d07e19dee3929cbf5e3efa79d7e1994a8,2079000,50.00
53038ce595067c10da6ab1d60feffb7080f108897eec38183f2c47d42e3c1e75,2100000,49.90
3795a305cb5ed898975c26bb6b164ccf0ded6d576c30b0e39b63f1a62e6079c2,2100000,49.70
2f0190b684949e13069b461f36ea316b8518411f83fcc655c360b3c8adae756a,2100000,49.70
ce781c836981dbe8469b7aca9f08672ee0c0d303b29fecdd76728f0c224d7a24,2079000,49.80
0540a29d8c469d0142242b7335e4ae4f9f195a350e7a766837e26d79ffab3bbd,2079000,49.80
c015229c8fe97f70112d67cff465dea6bbfa1e209395d9133fbe23a6463101ed,2100000,49.80
1c5af71f78f7699b1acc61f80265319b4348e1f77b16ee716ae2929e9035bf77,2100000,49.80
2ee5b1994bcc224649f0759a922987d74e220c2113554f8eeb83e8bdf2f7c45c,2079000,49.80
11a51461bf69733d8d0fbe2dc5a4ccbaae4bb87c9b90dc29f5f83c9f87b68a62,2100000,49.80
e59fdc3437e02eaf6c796ab71f7bc50fa5a5f63ec9be1bb42e4b303b02e8a8a3,2100000,49.70
7fe50628e761d4cdc742f8ecce0c9c5197bf0d5be130a1919cdf1ed174cd3d9e,2100000,49.80
c302d120eeb95f1c679c79228351054e9c7d6c4f22d6bb7c3e8e3c3d7ec15df0,2121000,49.90
4787e6e098bf0f0dd57756772184845b3d9a3f5ceece326620e51eee6435f940,2079000,49.90
0e1597803ca8ac35b15b55acf1b78d805524dd6bcc041420ee121136ef458b73,2079000,50.00
f0d0209f197a7b4505fc9c6994d21a6da3038d08ff3593ea2325d519f4839e00,2100000,50.00
2a5365a5e126f48502e02669fa158eabff8e97812e1a1fe8ac84a5aab15ee7af,2142000,49.90
708c19c823e98b6f70703d69dbf73e5c9021aa86eba7747a440e9fd33feb7a5f,2142000,49.90
3d5c766fb34eaade382cf52aeaa19fadb7f4ad771e5cde1d62fe82debf5cd4d8,2142000,50.10
6f7b90d9a51768cffb94f0eb73b0e52fd6215e8c0a1854241598c6ac447ff28d,2142000,50.20
6e21f0d9ac08fe62d7443ee101e562302c1dd86a5931867318066bb3335622ff,2142000,50.50
24f047367cbfd121e0eb8f00a65c5d64091ad13cbff22bea542ab96f7c24efbf,2163000,50.80
b93a12ed8ad5eb230ef92d2d09f950dc1c8ef99d2187bfc3cc1453be5c13848e,2142000,51.00
f270845bf1f04289c9582812a26c2c070cc15dba2cb860a837d0ef543d9193a1,2142000,51.10
11920fe6b5e8fd669774aab6218674b0b1308b4fb4ab93149c22d8304332d3d8,2163000,51.10
24fd9adf8631959dd9b24acb56cab927c780d2ea8bc60450815ff8adb3bad5d5,2163000,51.10
9bcf16f0a618a8f5c68005c56af91cf1bf9d3071d77ce100ad8ba5f65dda0556,2142000,51.20
ec8b85c9c7a3b49658570b1de6524276613f2bd89a753762f87bd9cb72548125,2142000,51.30
28d07d022d826021755ee23c4c34060ae91df8939203b997cefd89cdb1cd80ef,2142000,51.20
7881c3b3823375662a9607c1f5fe09b095ee3dc71629113b8c4d99ac735aeb5d,2142000,51.20
4a3d5b592a8e3683105972765ee5d346c0862de9e67a5f0edda2947619d1dd0e,2142000,51.20
5b8c0dd5d612cc6c46ddb4378bc79abfa68f9aa83fa8eea368cf9b01c73e3e50,2142000,51.10
1aa0f5f3651a2b9b69ee9fb5454eb71975d28ff50d2a4d6c9c630a3ae65fe46f,2142000,51.00
4ce6a93e5b1566583dbfe98a1d0d7482fa5fb9a33467cd527dd562ac98fea931,2142000,51.00
546cd048c4c12ea8d6fb5eeabd1234dd81e7c6df7b8e01b4e838772b853aa933,2142000,51.00
47dd52dd08acd8c81c7a28884477ef44afe27b338f24f2ea1ab2c2600c6c60e6,2163000,51.00
2cffc792538aa3b96a21513b1235c03a1f38dab6e1b0fd2451b5a8d9be34ccc1,2142000,51.00
a33c743717708492e998ba146995650ee3c3d777154b20b8d193908ae1c3da2b,2142000,51.10
b242eb555847d286be95f8afc1365427b79a3d010bbb8d0b90ef89731ca4c545,2142000,51.10
5f4405d402f0478b7ffdc056ba2d7c70a7154d25f1f5d06e5c50b4804661b4ec,2163000,51.10
ab92bbe35e6830265552cf4245e1692052716d8903bd5a18b3cff424fdd17779,2142000,51.10
4b6c82aaf21eda48c38df64cea8a9fe32d5fd03045fbe35d591d9796f9ac0d31,2142000,51.20
4843bc94ceb63a26e984c45dfb3757d2a1c6041ca56b293940f58a235151f92f,2142000,51.10
ff3b75cc76581871ff15ae04f399c4b28598b7f5ca5a2ffe36a42083e7762602,2163000,51.10
d524add1ddde7cbe9cec41a459905a30a09e5fdce3d56cc486c7bace6797ab21,2163000,51.10
9f4275e61cb07c86b27ad02e73989464e33426985693f9b78804a1be8b10e716,2142000,51.20
00a041d3a2a739b9f5b33c61d51f3db540188b3f72ae67321e55527d622e334d,2142000,51.20
5ee2b3b8c6974056e5d3709f159fdf873afa5992c73b929716f5c4e9bb7e152a,2142000,51.20
41dabf3a2d4f9e62007c58fc056f56be1276581d2d3aa34717f0d9f71eb0fa14,2142000,51.20
5cb72b85a12b872674be100cc3f1251d78a42a93af8417a6764f5b4d8e0d7c20,2142000,51.20
d98b9dbfcaa3f9b16c32def675f9f72789af40d5014c88c4cbbaebb8239a7bb0,2142000,51.10
04fbfe83df76f8b2c60bc8ca6dd0ede60a095f1bd44a804735b0496fb0df5aff,2163000,51.00
81bf350d8e82f5f7ba8bfd9a9152371c018628456147a1824dedbbf2a3dbafdc,2142000,51.00
d9229a4ab9ed47279ba94b9753e33c2cb3f0507203736d30e5d99d00baa42523,2142000,51.10
b1652b0579586c77cd23f366fd02e303cef6419f968be9bf83c5944bf57ed41b,2163000,51.10
e5ef1980acaab2baf94c5e5d7ca3991f4f02f730df35893e1131b684dd9e2deb,2142000,51.10
396255c645afbb792868cd1e1bf3626aa0076947f9d5448c70d9b34684bfcf6e,2142000,51.20
d0a38690b804cb66ada24c860606a241c53fb89816858f7c7149c8febf2365a6,2142000,51.20
2f1bb9062caeb95e829165d86802f639371092cddea50f2a0e9ccf3fdab04ae3,2142000,51.10
6ae970489933d27fc1ac1e2a63b711cbd9017718ff53d141232b1299a3f02cd6,2163000,51.10
d549f6fc7d3ea95933a30edb3e797df10ac1065cc19d61d58e918bed77724123,2163000,51.10
4be13dbd8c976aebeff1190271f852566fb65a24b050363210aa6bc9f69a1a1d,2163000,51.10
523f31eabe531453813f23bc39f71672ac8af1ade741db3c0840f449397c3f32,2163000,51.20
cd2174775fbc278eefa8a70707d256e589e8d5049e6110e21b973e7be62d4cfc,2142000,51.30
60d4e5cb94d79e2e01458df0256af5d7c7d02fdd5f065dffa85246cc2bc35f12,2163000,51.40
244df34624765616fff37b6146ff70f1aac1d76029638967458b14ee0753ee98,2163000,51.40
d84fd03c9803a6dfc9e03f87b8890c2b212be26128b94e03f7bca6709b4e927f,2142000,51.40
4f084100154759396b4500f6ef4c9c601abc6e8aae3ddd7cc9852557cde966c6,2142000,51.40
a1d4ba777398696a817c1bad823443ae4c54999598008a08457db34618a5593d,2142000,51.30
e4a804d7b22258e001bc9f799097294a14d4be9888fb16e3075ed74cbddde085,2142000,51.20
85302542db82f410c8a59d30a64608e7d96bdd5e8180e93a35c5679183ce8ade,2163000,51.20
d88d6860b18065b71735f701aa6a294fcc891f3607b2a9995c7ab750ce0a75e3,2142000,51.10
2cbf18db9f1934170dc74fa8cd2a429ffadcf4d768c77d816c7064548cdad8ad,2163000,51.10
d1ee3e861d1b1af019fc979ef1d6156263233e32b929a69704073622af29270d,2163000,51.10
1fa59b77002d19deb58be03212ea88009bd2a329f7d7cee21aab9c05a13a49b1,2142000,51.20
7557fc40c29ecf035d7643d91ce04436f10e5de926c6f2dc9472b0dcb37e7137,2163000,51.30
ba9812596d344828e2fb457931a327f28443e754ee7c74be4229cdf9406535ba,2142000,51.30
18a647ad8ee4e9ac087d5149ebc8565e68f24e64142052d24888e9a799e6315d,2142000,51.30
8c1992096304e5042c108f0f63940ee7145de1026de9756425b3eb7e279a0a59,2142000,51.30
2ab4e4de6b233a1fc74d127fe548819c5aa1de068e6fac0c681425c139e6469b,2142000,51.20
c715c7dd00f161c665fad01a6245f2e1a3ce6baa52a7a91ff7246ff7554fd087,2121000,51.10
40fb3f047234f2ed93ced6570133fcd2cbafa015e019939230ebf961e14d6141,2100000,51.10
ed25be7be965e844a1454da17ff5d181849f07148df605609c5bbe8388f43753,2079000,50.90
db1d105731f6a7636fafbec4c26b17ff108c16c20ecd07e548b5149781a29454,2079000,50.70
c3b2b7a0e99834e75e2a12c6e6750f642122e519ac1267de0aa0c2218920db66,2058000,50.40
ac0add8ec99810297e4a7012ac67b5e78d28733ddcd278ee871b919fc5072549,2058000,50.10
5ed9539f009d70fba72456e6581eeee0dfb33f0ef91ea215eb7d39343c3d54f1,2058000,49.70
e1e758614a7a6e0168af9ca4bad2cd73060daa57373087a442dbb045de140803,2037000,49.40
4ffacf319c7f7be968913be1fd976f86c84b153024f3b1b6612ab9cb7e93a764,2037000,49.20
9346903f4e2c2a568d88c5af1adac2317a026aabea00c4cb7a8dbe23cc8156b3,2016000,49.00
2c31da6371f89694e57f512d2cb834adfe75a456bb0d2c28fa31ad25e1957617,1995000,48.80
8873d1ac7efdab364205f3b18c8609005297be81640fe938f8499123308bf96d,1974000,48.60
0397f5da45bbbb05765924c81b1613d55f61ad3de2f804272442c9ef3f29552e,1953000,48.30
b621e427e0b37761acc3315a94637e5e0fbfb51b85b768e2dddb7ca3f1224fb6,1953000,47.90
cb906fdfb27f6b67dce733a31e5b35c6820ae436ac9845d7ffa1256fcd229c18,1932000,47.50
2e306d57767016fe9c4c4e5f6354af566d2d5dbda7f1acd8ab04c85149fce9ad,1953000,47.10
0afc3c5708d93f4c601a865e6dfd14f75f31a83bbab2c2549a0d33764db278ae,1932000,46.70
ecd6cd6308fe724c292980cfc54198c7f6eec903110b7e5424bd8bf35304da85,1890000,46.50
eab64ae7b124b67298102c1c145c5e30c0b1a772312b134a21458eaa72eb32b2,1890000,46.30
384d0bffbb75fafd8e5df9db4ce69c19e89d3859da2f686448f76ae0db78bec4,1890000,46.00
bc921bed8aa41b5c153fdfa531d48283ef4b7b0eabbff89019ff5fb46f626c78,1869000,45.70
388ef67dd66398d784d1037edb5f73a6756a79fb4d9d739fa7a94aeadefdc788,1848000,45.50
0dd9197e12279a6bf2ca56ecc4ff47cc8ef059d4914b6334e9305bf057872a61,1827000,45.10
e478ef38cbb7f3467cde49eae08fc2f0051eef9c04e0b5c256b7ef7993867892,1827000,44.70
ab79799fdba3b2ed6217e4a95d843c6aa3030a08ecd348511ccfddb6f87d2bf9,1827000,44.40
24253c1314d089e186339154f0d4117d52f67b61b3f87a327fbb31ac53be5745,1785000,44.10
fa2410395797f4cc64a32da86f7426150b543372bbf678d44b95543ac988524a,1764000,43.80
0e76cb53333136b0562a3e51dd3527b46b3c9f289d1406d1d883d7e0eef04841,1785000,43.40
4897c2fe95428243e8af5ad90eced5eb48fef609eaaf2971370971d9614c5f38,1764000,43.00
bae536b3f4d57957fca4b7b28073da1eb538e5d062935a4d24b48f05ab3488f0,1722000,42.80
98688c0782a6df1e388e5a31feb859d926325d43902d4bc2c261244d7ffc1cd0,1701000,42.50
df26c51bcbc8835f91e014b6c229a783fc7f491625dd2e27609f170da16f06c5,1701000,42.00
d28783271dc1b9fbda78d52d6eab7dfe03461ec1c422d32f1ae69a791556aafa,1701000,41.60
867399ef0d8eebf5b79044a1216daed11422ec6c40a70766bae9290c5f6fdf7c,1680000,41.30
76c109a3935f4a205a3c006de481fd4c2ee780788ac3413cde855764f3986f3b,1680000,40.90
09e3c3e46535ed521a8e08d45c4ed204c34d92b97f03e6c489a1c72dc4a2e5f9,1638000,40.50
87badd7e132bfadb3eac61f6ef412ab005cb9c6f1c32e184b156b0425aa1c221,1638000,40.30
09270bca1d7aa29b3af330cab19445d92de04eb9826be5de3368d507081b3db0,1659000,40.00
85e1c893b82d12f49aa011dcc7401e29a4e4fa46dd826b4abd03927a38c5750d,1659000,39.70
d346f8ffc1d63f63e1169368d6d646af324e3d97cc2180479c1be824fe06c6b7,1659000,39.50
638b20756dfdaa90dd5fa14156f85326c95f25d18364d8f9486319177de70eb7,1659000,39.40
f5385d9788b989e4a393e353887f648beb6ce113a33ea3f2409e38b2b9a18352,1680000,39.30
6f52e77db817397b3578cd66ca951d9f84386e1f2c5ff691c101dd1927820458,1680000,39.40
dae1f79bd75575751d94dc63cc2d67ddaa329e1ef95695a116ae0b53f953113d,1680000,39.60
b84d23c37c68c9eb7e32245676dcac1f9a860338683a1ece4251b3593cb0c1b4,1680000,39.70
1a56fe2a44c9b7fe789a48eba83520224a51fb3d280335d06aa1b0b50d9ff12c,1701000,39.80
e0f924e23cf0c2a02fee21da4849f2a5b07a506d433fc88bad10f9e961a22021,1701000,39.90
816683cebf275eedc083489a6b6970f3766347558a90bc8fc0c10344d9e03fd8,1701000,40.10
0cb520c2239772ee4efb30a31d48832726f8a1748f5320ef069896d2d3e47c4d,1701000,40.20
3dfd7490df148bc54a5f7591e0aefb15dcd719ec094715c5ee203036b301faf3,1722000,40.30
54686742deb13593d037a7c5cb48c3bdac8eba993c6399dd8b769e433eee38bc,1722000,40.40
257294fc0a381f27b09a873fd431c2a2165a0b0b41b78d95c12b4f1268a339a8,1722000,40.60
2eebe3d398252380edde91857ba94be4e5a13157b315c1459175ef545e71289d,1722000,40.70
ec46dda29be093c0484184a4c03fc52be204cdce52a26e6c963567ad36adc7b5,1743000,40.80
b986ec770fcd0f8623be54d2ef54d1284dc233eaf17c97bcfdc1cb716747c08b,1743000,40.90
fba7b2f4240866f9a56fca6396beaed4dc3f968ff4778bcd996451b2a8fd4ad4,1743000,41.10
ca41f8a7f703264c9e8af86906909a826f5275af0637f57c211484d2fe1cb01e,1743000,41.20
544344bf369ad2539d500d18168f6d301ba5e88c77ac7bc15a24a305d96e0bc3,1743000,41.30
cfb6e4cd97a6